{"cameraMode":{"drawMode":0,"name":"Shaded","section":"Shading Mode"},"sceneLighting":true,"audioPlay":false,"sceneViewState":{"showFog":true,"showMaterialUpdate":true,"showSkybox":true,"showFlares":true,"showImageEffects":true,"showParticleSystems":true},"in2DMode":false,"pivot":{"x":816.8353881835938,"y":337.5347595214844,"z":-190.0},"rotation":{"x":-0.4284435212612152,"y":0.012468403205275536,"z":-0.005876864772289991,"w":-0.9034837484359741},"size":29.938961029052736,"orthographic":false}