{"cameraMode":{"drawMode":0,"name":"Shaded","section":"Shading Mode"},"sceneLighting":true,"audioPlay":false,"sceneViewState":{"showFog":true,"showMaterialUpdate":true,"showSkybox":true,"showFlares":true,"showImageEffects":true,"showParticleSystems":true},"in2DMode":false,"pivot":{"x":1.1427299976348878,"y":0.9252810478210449,"z":0.4529762268066406},"rotation":{"x":-0.2553716003894806,"y":0.02378143183887005,"z":-0.00627756817266345,"w":-0.9665381908416748},"size":24.376785278320314,"orthographic":false}