{"cameraMode":{"drawMode":0,"name":"Shaded","section":"Shading Mode"},"sceneLighting":true,"audioPlay":false,"sceneViewState":{"showFog":true,"showMaterialUpdate":true,"showSkybox":true,"showFlares":true,"showImageEffects":true,"showParticleSystems":true},"in2DMode":false,"pivot":{"x":0.788905143737793,"y":-7.062568664550781,"z":0.5348176956176758},"rotation":{"x":-0.4284435212612152,"y":0.012468403205275536,"z":-0.005876864772289991,"w":-0.9034837484359741},"size":33.97013854980469,"orthographic":false}