{"cameraMode":{"drawMode":0,"name":"Shaded","section":"Shading Mode"},"sceneLighting":true,"audioPlay":false,"sceneViewState":{"showFog":true,"showMaterialUpdate":true,"showSkybox":true,"showFlares":true,"showImageEffects":true,"showParticleSystems":true},"in2DMode":false,"pivot":{"x":-0.602142333984375,"y":3.599032163619995,"z":-1.2664012908935547},"rotation":{"x":-0.08464968204498291,"y":0.4160507917404175,"z":-0.03893464803695679,"w":-0.904558539390564},"size":13.46390151977539,"orthographic":false}