{"cameraMode":{"drawMode":0,"name":"Shaded","section":"Shading Mode"},"sceneLighting":true,"audioPlay":false,"sceneViewState":{"showFog":true,"showMaterialUpdate":false,"showSkybox":false,"showFlares":true,"showImageEffects":true,"showParticleSystems":true},"in2DMode":false,"pivot":{"x":0.28504467010498049,"y":-1.0626678466796876,"z":1.7000452280044556},"rotation":{"x":0.2525499165058136,"y":-0.011322960257530213,"z":0.0029293859843164684,"w":0.9675905108451843},"size":5.874411106109619,"orthographic":false}