{"cameraMode":{"drawMode":0,"name":"Shaded","section":"Shading Mode"},"sceneLighting":false,"audioPlay":false,"sceneViewState":{"showFog":true,"showMaterialUpdate":false,"showSkybox":false,"showFlares":true,"showImageEffects":true,"showParticleSystems":true},"in2DMode":false,"pivot":{"x":2.384185791015625e-7,"y":-31.09999656677246,"z":-4.76837158203125e-7},"rotation":{"x":0.24230244755744935,"y":-0.09731347858905792,"z":0.024425357580184938,"w":0.9650168418884277},"size":108.9704818725586,"orthographic":false}