{"cameraMode":{"drawMode":0,"name":"Shaded","section":"Shading Mode"},"sceneLighting":false,"audioPlay":false,"sceneViewState":{"showFog":true,"showMaterialUpdate":false,"showSkybox":false,"showFlares":true,"showImageEffects":true,"showParticleSystems":true},"in2DMode":false,"pivot":{"x":0.1899999976158142,"y":2.799999952316284,"z":-3.380000114440918},"rotation":{"x":-0.2525482773780823,"y":0.007865962572395802,"z":-0.0019383721519261599,"w":-0.9675895571708679},"size":5.286062717437744,"orthographic":false}