{"cameraMode":{"drawMode":0,"name":"Shaded","section":"Shading Mode"},"sceneLighting":false,"audioPlay":false,"sceneViewState":{"showFog":true,"showMaterialUpdate":false,"showSkybox":false,"showFlares":true,"showImageEffects":true,"showParticleSystems":true},"in2DMode":false,"pivot":{"x":-0.33649998903274538,"y":-0.40500009059906008,"z":4.470348358154297e-8},"rotation":{"x":0.0859660878777504,"y":-0.31988129019737246,"z":0.029152125120162965,"w":0.9431151747703552},"size":3.3345448970794679,"orthographic":true}