{"cameraMode":{"drawMode":0,"name":"Shaded","section":"Shading Mode"},"sceneLighting":false,"audioPlay":false,"sceneViewState":{"showFog":true,"showMaterialUpdate":false,"showSkybox":false,"showFlares":true,"showImageEffects":true,"showParticleSystems":true},"in2DMode":false,"pivot":{"x":1.1805973052978516,"y":1.6718233823776246,"z":-12.8904447555542},"rotation":{"x":0.057064831256866458,"y":0.08556199073791504,"z":-0.0049812369979918,"w":0.9947280883789063},"size":24.006223678588868,"orthographic":false}