{"cameraMode":{"drawMode":0,"name":"Shaded","section":"Shading Mode"},"sceneLighting":true,"audioPlay":false,"sceneViewState":{"showFog":true,"showMaterialUpdate":false,"showSkybox":true,"showFlares":true,"showImageEffects":true,"showParticleSystems":true},"in2DMode":false,"pivot":{"x":1.1615877151489258,"y":1.6062113046646119,"z":-12.959399223327637},"rotation":{"x":-0.04226731136441231,"y":0.5668783783912659,"z":-0.029053226113319398,"w":-0.8222340941429138},"size":19.92222785949707,"orthographic":false}