{"cameraMode":{"drawMode":0,"name":"Shaded","section":"Shading Mode"},"sceneLighting":true,"audioPlay":false,"sceneViewState":{"showFog":true,"showMaterialUpdate":false,"showSkybox":true,"showFlares":true,"showImageEffects":true,"showParticleSystems":true},"in2DMode":false,"pivot":{"x":-1.047210693359375,"y":8.6909818649292,"z":-17.68296241760254},"rotation":{"x":-0.2055196911096573,"y":-0.3954535126686096,"z":0.09126554429531098,"w":-0.8905434608459473},"size":28.649723052978517,"orthographic":false}