{"cameraMode":{"drawMode":0,"name":"Shaded","section":"Shading Mode"},"sceneLighting":false,"audioPlay":false,"sceneViewState":{"showFog":true,"showMaterialUpdate":false,"showSkybox":false,"showFlares":true,"showImageEffects":true,"showParticleSystems":true},"in2DMode":false,"pivot":{"x":-4.135583400726318,"y":1.4087800979614258,"z":1.971003532409668},"rotation":{"x":0.09915608167648316,"y":-0.6977358460426331,"z":0.10008717328310013,"w":0.7027291655540466},"size":11.091348648071289,"orthographic":false}