{"cameraMode":{"drawMode":0,"name":"Shaded","section":"Shading Mode"},"sceneLighting":true,"audioPlay":false,"sceneViewState":{"showFog":true,"showMaterialUpdate":false,"showSkybox":true,"showFlares":true,"showImageEffects":true,"showParticleSystems":true},"in2DMode":false,"pivot":{"x":3.6710550785064699,"y":-2.104170560836792,"z":-12.249103546142579},"rotation":{"x":0.31791070103645327,"y":-0.4474230110645294,"z":0.17393311858177186,"w":0.81764817237854},"size":30.037269592285158,"orthographic":false}