{"cameraMode":{"drawMode":0,"name":"Shaded","section":"Shading Mode"},"sceneLighting":true,"audioPlay":false,"sceneViewState":{"showFog":true,"showMaterialUpdate":false,"showSkybox":true,"showFlares":true,"showImageEffects":true,"showParticleSystems":true},"in2DMode":false,"pivot":{"x":-1.771566390991211,"y":4.064047336578369,"z":-8.925850868225098},"rotation":{"x":0.1092529222369194,"y":0.5657727122306824,"z":-0.07604872435331345,"w":0.8138530254364014},"size":20.0239200592041,"orthographic":false}