{"cameraMode":{"drawMode":0,"name":"Shaded","section":"Shading Mode"},"sceneLighting":true,"audioPlay":false,"sceneViewState":{"showFog":true,"showMaterialUpdate":false,"showSkybox":true,"showFlares":true,"showImageEffects":true,"showParticleSystems":true},"in2DMode":false,"pivot":{"x":2.903061866760254,"y":-1.265124797821045,"z":-11.385095596313477},"rotation":{"x":0.22377054393291474,"y":-0.09360166639089585,"z":0.022875819355249406,"w":0.9701270461082459},"size":12.70888614654541,"orthographic":false}