{"cameraMode":{"drawMode":0,"name":"Shaded","section":"Shading Mode"},"sceneLighting":true,"audioPlay":false,"sceneViewState":{"showFog":true,"showMaterialUpdate":false,"showSkybox":true,"showFlares":true,"showImageEffects":true,"showParticleSystems":true},"in2DMode":false,"pivot":{"x":0.24920654296875,"y":4.479736328125,"z":-8.533203125},"rotation":{"x":-0.12990784645080567,"y":0.05796060711145401,"z":-0.007607453968375921,"w":-0.9898051023483276},"size":7.425686359405518,"orthographic":true}