{"cameraMode":{"drawMode":0,"name":"Shaded","section":"Shading Mode"},"sceneLighting":true,"audioPlay":false,"sceneViewState":{"showFog":true,"showMaterialUpdate":false,"showSkybox":true,"showFlares":true,"showImageEffects":true,"showParticleSystems":true},"in2DMode":false,"pivot":{"x":-11.6328125,"y":15.49501895904541,"z":1.9983972311019898},"rotation":{"x":0.016447829082608224,"y":-0.6821239590644836,"z":0.015350342728197575,"w":0.7308918833732605},"size":51.98385238647461,"orthographic":true}