{"cameraMode":{"drawMode":0,"name":"Shaded","section":"Shading Mode"},"sceneLighting":false,"audioPlay":false,"sceneViewState":{"showFog":true,"showMaterialUpdate":false,"showSkybox":false,"showFlares":true,"showImageEffects":true,"showParticleSystems":true},"in2DMode":false,"pivot":{"x":0.1185941994190216,"y":1.1393524408340455,"z":0.4058511257171631},"rotation":{"x":-0.18375737965106965,"y":0.005010461900383234,"z":-0.0009367988677695394,"w":-0.982960045337677},"size":5.720870494842529,"orthographic":false}