{"cameraMode":{"drawMode":0,"name":"Shaded","section":"Shading Mode"},"sceneLighting":false,"audioPlay":false,"sceneViewState":{"showFog":true,"showMaterialUpdate":false,"showSkybox":false,"showFlares":true,"showImageEffects":true,"showParticleSystems":true},"in2DMode":false,"pivot":{"x":0.0,"y":0.09499984979629517,"z":-1.4901161193847657e-8},"rotation":{"x":-0.18375737965106965,"y":0.005010461900383234,"z":-0.0009367988677695394,"w":-0.982960045337677},"size":4.929867267608643,"orthographic":false}